url,title
/questions/31518874/merge-two-postgres-databases,Merge two postgres databases
/questions/31518873/load-photo-from-instagram,Load photo from instagram
/questions/31518871/generic-dao-and-org-hibernate-mappingexceptionunknown-entity-java-lang-object,Generic DAO and org.hibernate.MappingException:Unknown entity: java.lang.Object
/questions/31518870/upgrade-my-database,Upgrade my Database
/questions/31518868/idapython-how-can-i-change-value-of-an-operation-like-sub-esp-8-to-esp-9,"IdaPython how can i change value of an operation like sub esp,8 to esp,9"
/questions/31518867/connecting-to-access-db-which-is-synced-with-sharepoint-via-excel-vba,Connecting to Access DB which is synced with sharepoint via Excel VBA
/questions/31518864/how-to-add-values-to-existing-columns-in-a-text-file-using-python,How to add values to existing columns in a text file (using Python)
/questions/31518863/is-it-possible-to-improve-sort-perfomance-of-id-based-list-of-rows,Is it possible to improve sort perfomance of ID-based list of rows?
/questions/31518861/what-has-caused-my-csv-load-time-to-dramatically-increase,What has caused my .csv load time to dramatically increase?
/questions/31518860/centos-install-automaticly-some-programs,Centos - Install automaticly some programs
/questions/31518856/creating-a-more-attractive-xbar-chart,Creating a more attractive xbar chart
/questions/31518855/suppress-my-files-app-pop-up-on-usb-card-mount,Suppress My Files app pop up on USB Card mount
/questions/31518849/ie-miscalculating-elements-with-widths-defined-in-percentages-and-height-set-to,IE miscalculating elements with widths defined in percentages and height set to auto
/questions/31518847/refreshing-a-jtable-from-database,Refreshing a JTable from database
/questions/31518843/casting-with-type-parameters-in-java,Casting with type parameters in java
/questions/31518842/convert-a-json-to-an-array-in-php,Convert a json to an array in php
/questions/31518841/kombu-queue-browsing,Kombu queue browsing
/questions/31518838/managing-changes-to-model-objects-in-hazelcast,Managing changes to model objects in hazelcast?
/questions/31518835/mysql-select-into-array-twist,mysql select into array twist
/questions/31518831/webparts-project-is-looking-for-database-when-i-dont-have-one,WebParts project is looking for database when I don't have one
/questions/31518828/adc-through-pwm-signal-problems,ADC through PWM signal problems
/questions/31518827/setting-the-appdir-in-dancertest,setting the appdir in Dancer::Test
/questions/31518826/flowchart-that-allows-iterative-designing,Flowchart that allows iterative designing
/questions/31518825/error-in-parallel-process-using-dosnow,Error in parallel process using doSNOW
/questions/31518824/how-to-find-the-position-of-uitextfield-by-swift,How to find the position of UITextField by Swift?
/questions/31518821/beautifulsoup-table-get-rid-of-those-n,BeautifulSoup - Table - get rid of those /n
/questions/31518820/why-net-designer-code-like-this-classes-customer-customer1-new-classes-custo,Why .NET designer code like this: Classes.Customer customer1 = new Classes.Customer();
/questions/31518818/passing-variables-to-an-already-created-fragment-reloading-it,Passing Variables to an already created fragment & reloading it
/questions/31518817/best-approach-to-manage-roles-in-mvc-5-with-windows-authentication,Best approach to manage roles in mvc 5 with windows authentication
/questions/31518815/nlp-ner-regexner-can-i-include-annotators-using-nerclassifiercombiner,NLP NER RegexNER Can I include annotators using NERClassifierCombiner
/questions/31518811/adding-uiimage-to-nsmutable-array-for-an-animation,Adding UIImage to NSMutable array for an animation
/questions/31518810/changing-dom-element-in-li-without-reloading,Changing Dom Element in Li without reloading?
/questions/31518808/how-to-set-date-time-field-in-netsuite-with-suitescript,How to set date/time field in netsuite with suitescript
/questions/31518805/is-it-possible-to-receive-a-message-from-the-client-on-aerogear,Is it possible to receive a message from the client on Aerogear?
/questions/31518803/get-the-filename-from-stacktrace-and-frame-when-throw-an-exception,Get the filename from stacktrace and frame when throw an exception
/questions/31518802/java-client-for-aws-emr-liststeps-doesnt-show-the-latest-step,"Java Client for AWS EMR, listSteps doesn't show the latest step"
/questions/31518799/typo3-7-2-add-file-reference-to-extension-model,Typo3 7.2 add file reference to extension model
/questions/31518796/wave-pulse-animation-in-svg-format,Wave pulse animation in svg format
/questions/31518794/how-to-retrieve-data-from-rdio-api-using-php,How to retrieve data from Rdio API using PHP?
/questions/31518792/electronfigwheel-on-mac-causes-websocket-connection-error,electron+figwheel on Mac causes websocket connection error
/questions/31518790/zf2-dynamic-collection-validators,zf2 dynamic collection validators
/questions/31518788/trouble-finding-the-bug-in-my-code,Trouble finding the bug in my code [on hold]
/questions/31518787/add-an-id-key-to-an-integer-from-a-post,add an id key to an integer from a POST
/questions/31518786/remote-lookup-ejb-deployed-on-jboss-from-websphere,Remote lookup EJB deployed on JBoss from Websphere
/questions/31518784/flexslider-displaying-differently-in-localhost-than-on-live-site,flexslider displaying differently in localhost than on live site
/questions/31518782/google-authorisation-uri-redirect-error-uri-does-not-match,google authorisation : URI redirect error ( URI does not match )
/questions/31518781/how-to-include-macros-in-python,How to include macros in Python?
/questions/31518779/how-to-use-jquery-validate-plugin,How to use jquery validate plugin?
/questions/31518777/how-to-get-data-from-url-requesting-through-curl-even-if-a-page-is-https-conta,"how to get data from url requesting through curl, even if a page is https, contains iframes and having redirection"
